{"BLEU-2": 0.7381252889788518, "BLEU-4": 0.5303769154134723, "Rouge-1": 0.8005723985293387, "Rouge-2": 0.6017379776502225, "Rouge-L": 0.575023335502927, "Meteor": 0.7745287421178376}