{"BLEU-2": 0.7056314405776835, "BLEU-4": 0.5083386637513846, "Rouge-1": 0.7261381930624732, "Rouge-2": 0.5360755492687829, "Rouge-L": 0.5201236876872686, "Meteor": 0.690117696780761}