{"BLEU-2": 0.7219622978602255, "BLEU-4": 0.5202384287608326, "Rouge-1": 0.7475809320352178, "Rouge-2": 0.5610191820614545, "Rouge-L": 0.533444461079471, "Meteor": 0.7156509742634232}