{"BLEU-2": 0.7470861568269616, "BLEU-4": 0.5433575773149992, "Rouge-1": 0.7643040224991703, "Rouge-2": 0.5653917519917802, "Rouge-L": 0.5465775721338497, "Meteor": 0.7276148475091145}