{"BLEU-2": 0.7343270753913816, "BLEU-4": 0.5318584097130141, "Rouge-1": 0.76719477473223, "Rouge-2": 0.5767070639246288, "Rouge-L": 0.554253311489716, "Meteor": 0.720540639644484}