{"BLEU-2": 0.1280363276176004, "BLEU-4": 0.06370437273246936, "Rouge-1": 0.25899466273867827, "Rouge-2": 0.13826326662998467, "Rouge-L": 0.2410037111415178, "Meteor": 0.20107462797477718}