{"BLEU-2": 0.7411388135122443, "BLEU-4": 0.5383956891768702, "Rouge-1": 0.7872925641443714, "Rouge-2": 0.5937973108130512, "Rouge-L": 0.5706267186656436, "Meteor": 0.7408043877642725}