{"BLEU-2": 0.7362596169546041, "BLEU-4": 0.5319570444995878, "Rouge-1": 0.757901812095599, "Rouge-2": 0.5646773907549857, "Rouge-L": 0.5442443563923349, "Meteor": 0.7216343756287376}