{"BLEU-2": 0.6983496497650018, "BLEU-4": 0.5055612490857445, "Rouge-1": 0.7334351874011337, "Rouge-2": 0.5455473481932545, "Rouge-L": 0.5285881658517103, "Meteor": 0.6986011963767061}