{"BLEU-2": 0.6682253182679389, "BLEU-4": 0.48285237845874995, "Rouge-1": 0.7280180593334239, "Rouge-2": 0.5443678547036, "Rouge-L": 0.5332590661169105, "Meteor": 0.6813818935186478}