{"BLEU-2": 0.7515782933077598, "BLEU-4": 0.5472436584475331, "Rouge-1": 0.7796821876810657, "Rouge-2": 0.5875253919572712, "Rouge-L": 0.5632732739144125, "Meteor": 0.7368772015416869}