{"BLEU-2": 0.7504221845472543, "BLEU-4": 0.545583676591563, "Rouge-1": 0.7809714114083606, "Rouge-2": 0.588136464202033, "Rouge-L": 0.564164046074236, "Meteor": 0.7373307595376786}