{"BLEU-2": 0.7557526327746014, "BLEU-4": 0.5477484864430878, "Rouge-1": 0.7940769781434418, "Rouge-2": 0.598918225226284, "Rouge-L": 0.5746339007619318, "Meteor": 0.7542549802227747}