{"BLEU-2": 0.756645383025022, "BLEU-4": 0.5498131904810477, "Rouge-1": 0.7824318494442837, "Rouge-2": 0.5842157573025444, "Rouge-L": 0.5633940266719346, "Meteor": 0.7475581890922619}