{"BLEU-2": 0.7554445947770991, "BLEU-4": 0.5478027422828669, "Rouge-1": 0.7968888959464373, "Rouge-2": 0.603069669866388, "Rouge-L": 0.5768274305699759, "Meteor": 0.7556078761813873}