{"BLEU-2": 0.7473415448415421, "BLEU-4": 0.5410025366131048, "Rouge-1": 0.7729920517705198, "Rouge-2": 0.5770091983289366, "Rouge-L": 0.5552984352361559, "Meteor": 0.7325944562973227}