{"BLEU-2": 0.7554187782998119, "BLEU-4": 0.548256733499553, "Rouge-1": 0.780998714778523, "Rouge-2": 0.5846564275544844, "Rouge-L": 0.5636622338151839, "Meteor": 0.7457173421705854}