{"BLEU-2": 0.7317835911486907, "BLEU-4": 0.5323774290043087, "Rouge-1": 0.7528572157577914, "Rouge-2": 0.56736472151674, "Rouge-L": 0.5439481506250327, "Meteor": 0.7174838637428153}