{"BLEU-2": 0.7438010931695319, "BLEU-4": 0.5407859629358713, "Rouge-1": 0.784858433351636, "Rouge-2": 0.5948787195695641, "Rouge-L": 0.5681634800571582, "Meteor": 0.7390574272744882}