{"BLEU-2": 0.7398030839818662, "BLEU-4": 0.5332670875602836, "Rouge-1": 0.750785756920791, "Rouge-2": 0.5439475519362749, "Rouge-L": 0.5257903642249524, "Meteor": 0.722144956225875}