{"Combo BLEU": 0.7818862645578472, "Combo exact_match": 0.0, "Combo levenshtein": 47.839721891867164, "Combo validity": 0.9964321654011526, "Combo maccs_sim": 0.8629619648977452, "Combo rdk_sim": 0.7915916513462333, "Combo morgan_sim": 0.5902085571107897, "Combo FCD": 0.35177859218574525}