{"Combo BLEU": 0.6595243913937129, "Combo exact_match": 0.0, "Combo levenshtein": 56.3135120300064, "Combo validity": 0.9910346720336657, "Combo maccs_sim": 0.861360859501297, "Combo rdk_sim": 0.7976893282027052, "Combo morgan_sim": 0.5675193537089016, "Combo FCD": 4.360589491264729}