{"Combo BLEU": 0.44839905171091005, "Combo exact_match": 0.0, "Combo levenshtein": 85.91656756015003, "Combo validity": 1.0, "Combo maccs_sim": 0.5966681774426904, "Combo rdk_sim": 0.47951423216178163, "Combo morgan_sim": 0.30908727645579137, "Combo FCD": 7.855526424197436}