{"Combo BLEU": 0.6460288586518886, "Combo exact_match": 0.0, "Combo levenshtein": 65.63278748513402, "Combo validity": 0.9911261549720977, "Combo maccs_sim": 0.858611246534132, "Combo rdk_sim": 0.7958175969716833, "Combo morgan_sim": 0.5480813139411467, "Combo FCD": 4.177043068858708}