{"Combo BLEU": 0.6585905743100159, "Combo exact_match": 0.0, "Combo levenshtein": 52.05745128533528, "Combo validity": 0.9982618241697924, "Combo maccs_sim": 0.8654708070416116, "Combo rdk_sim": 0.8012832828232392, "Combo morgan_sim": 0.5568228961424022, "Combo FCD": 3.237633459715674}