{"Combo BLEU": 0.5696274310461934, "Combo exact_match": 0.0, "Combo levenshtein": 72.43829475802762, "Combo validity": 0.9188546336108315, "Combo maccs_sim": 0.8103359337353132, "Combo rdk_sim": 0.7336338094735436, "Combo morgan_sim": 0.4159826395075451, "Combo FCD": NaN}