{"Combo BLEU": 0.7711224491369919, "Combo exact_match": 0.0, "Combo levenshtein": 48.29466654468941, "Combo validity": 0.995334370139969, "Combo maccs_sim": 0.8622580314358611, "Combo rdk_sim": 0.7890529312482846, "Combo morgan_sim": 0.595656580573712, "Combo FCD": 2.5925563990801095}