{"Combo BLEU": 0.5773820855677895, "Combo exact_match": 0.0, "Combo levenshtein": 66.93861494831214, "Combo validity": 0.9916750526026896, "Combo maccs_sim": 0.8318650014761111, "Combo rdk_sim": 0.7477240307994855, "Combo morgan_sim": 0.4096650143054299, "Combo FCD": NaN}