{"Combo BLEU": 0.7247588547798793, "Combo exact_match": 0.0, "Combo levenshtein": 50.89964321654011, "Combo validity": 0.9984447900466563, "Combo maccs_sim": 0.8622249659847102, "Combo rdk_sim": 0.7823358384415603, "Combo morgan_sim": 0.5755675655065915, "Combo FCD": NaN}