{"Combo BLEU": 0.7808280671729333, "Combo exact_match": 0.0, "Combo levenshtein": 46.33546793523008, "Combo validity": 0.994785472509377, "Combo maccs_sim": 0.8614179730383306, "Combo rdk_sim": 0.7874612569201751, "Combo morgan_sim": 0.5938521574426875, "Combo FCD": 2.271342932352887}