{"Combo BLEU": 0.5938179840709723, "Combo exact_match": 0.0, "Combo levenshtein": 63.17400054889763, "Combo validity": 1.0, "Combo maccs_sim": 0.7326165006231596, "Combo rdk_sim": 0.3860348776278008, "Combo morgan_sim": 0.39759809745127556, "Combo FCD": 6.384384479609757}