{"Combo BLEU": 0.7852057666191596, "Combo exact_match": 9.148293843198243e-05, "Combo levenshtein": 44.528039520629406, "Combo validity": 1.0, "Combo maccs_sim": 0.86589950384775, "Combo rdk_sim": 0.8041578355007681, "Combo morgan_sim": 0.5908006635815946, "Combo FCD": 3.4143028274203573}