{"Combo BLEU": 0.7898580176525006, "Combo exact_match": 0.0, "Combo levenshtein": 43.38880248833593, "Combo validity": 0.9977129265392004, "Combo maccs_sim": 0.8602638843238916, "Combo rdk_sim": 0.7915684172985927, "Combo morgan_sim": 0.5806051633482392, "Combo FCD": 3.064768645060745}