{"Combo BLEU": 0.7848415137977195, "Combo exact_match": 0.00018296587686396487, "Combo levenshtein": 43.994236574878784, "Combo validity": 1.0, "Combo maccs_sim": 0.8653592279424568, "Combo rdk_sim": 0.804331476904006, "Combo morgan_sim": 0.5954387596044738, "Combo FCD": 4.322666674778947}