{"BLEU": 0.7181643927310054, "exact_match": 0.0001375831231368952, "levenshtein": 43.90781930749828, "validity": 0.9897729878468241, "maccs_sim": 0.749665109867137, "rdk_sim": 0.6685100023344824, "morgan_sim": 0.489227739516564, "FCD": 0.27521895298519894}