{"BLEU": 0.5973572550362848, "exact_match": 0.0001375831231368952, "levenshtein": 55.08759458839716, "validity": 0.9766108690667278, "maccs_sim": 0.7435184022015207, "rdk_sim": 0.6679455618300504, "morgan_sim": 0.4660248809089328, "FCD": 4.247114955196565}