{"BLEU": 0.6973793725636164, "exact_match": 9.172208209126347e-05, "levenshtein": 43.243659711075445, "validity": 0.9284109149277688, "maccs_sim": 0.7021932460442619, "rdk_sim": 0.6279355888276206, "morgan_sim": 0.4295597831029265, "FCD": 3.0463648191681756}