{"BLEU": 0.4350845790895737, "exact_match": 0.0, "levenshtein": 83.37500573263013, "validity": 1.0, "maccs_sim": 0.4925092194651449, "rdk_sim": 0.3782183865279283, "morgan_sim": 0.23519291441114615, "FCD": 5.635552619326177}