{"BLEU": 0.6197851150485486, "exact_match": 0.00018344416418252695, "levenshtein": 47.116808071543225, "validity": 0.9967438660857602, "maccs_sim": 0.7594019839813873, "rdk_sim": 0.6837708131221524, "morgan_sim": 0.4691583546091311, "FCD": 2.165549950299109}