{"BLEU": 0.5149704809410433, "exact_match": 9.172208209126347e-05, "levenshtein": 70.67411144232975, "validity": 0.9805090575556065, "maccs_sim": 0.7399996651447895, "rdk_sim": 0.6643463451035149, "morgan_sim": 0.4556096579738285, "FCD": 3.7440213027861873}