{"BLEU": 0.6703606977039606, "exact_match": 0.0, "levenshtein": 45.710525108919974, "validity": 0.9989451960559504, "maccs_sim": 0.7460598331687418, "rdk_sim": 0.6369743749449711, "morgan_sim": 0.46287949418677926, "FCD": NaN}