{"BLEU": 0.5530504811846361, "exact_match": 0.0, "levenshtein": 56.47250630589314, "validity": 0.9911946801192387, "maccs_sim": 0.7414087580269074, "rdk_sim": 0.6340317607363478, "morgan_sim": 0.3854057710312004, "FCD": 17.62825406930954}