{"BLEU": 0.5544013031412994, "exact_match": 0.0, "levenshtein": 57.20568676908966, "validity": 0.8102728731942215, "maccs_sim": 0.6305763678323959, "rdk_sim": 0.5682855772779128, "morgan_sim": 0.3668649394173688, "FCD": NaN}