{"BLEU": 0.6883712359976337, "exact_match": 9.172208209126347e-05, "levenshtein": 46.468378812199035, "validity": 0.9953680348543912, "maccs_sim": 0.7559281695364913, "rdk_sim": 0.6766433815164631, "morgan_sim": 0.48722084239294544, "FCD": 2.4382786905557694}