{"BLEU": 0.7056050493993551, "exact_match": 4.586104104563174e-05, "levenshtein": 43.75180004586104, "validity": 0.9940380646640679, "maccs_sim": 0.7559527756079939, "rdk_sim": 0.675733038238271, "morgan_sim": 0.48618002678214794, "FCD": 2.0069129704352946}