{"BLEU": 0.541461737378066, "exact_match": 0.0, "levenshtein": 55.25627149736299, "validity": 1.0, "maccs_sim": 0.5959541253356521, "rdk_sim": 0.3243575170333163, "morgan_sim": 0.3198029006815505, "FCD": 10.707186117458825}