{"BLEU": 0.7203098704442756, "exact_match": 9.172208209126347e-05, "levenshtein": 42.11456088053199, "validity": 1.0, "maccs_sim": 0.7637323441236138, "rdk_sim": 0.6895668006406859, "morgan_sim": 0.4998167193362, "FCD": 2.8504095616290215}