{"BLEU": 0.7343957772131546, "exact_match": 4.586104104563174e-05, "levenshtein": 40.35354276542078, "validity": 0.9978445310708554, "maccs_sim": 0.7506439303951437, "rdk_sim": 0.670508430102336, "morgan_sim": 0.4781609211209175, "FCD": 2.539557701160568}