{"BLEU": 0.7317285998717167, "exact_match": 9.172208209126347e-05, "levenshtein": 41.04636551249713, "validity": 0.9999541389589544, "maccs_sim": 0.7604730461155048, "rdk_sim": 0.6870282640971651, "morgan_sim": 0.5005001451183196, "FCD": 3.129563028841119}